change_id,401_lines_added,402_lines_deleted,403_lines_changed,404_loc,405_file_lines,406_time_of_day,407_day_of_week,408_previous_patches,409_previous_buggy_patches,410_file_age,411_commit_time,412_full_path,413_patch_lines,414_lines_inserted,415_lines_removed,500_Buggy?
43484,1,0,6,8,0,13,3,23,17,528,'2008-05-14 13:34:52+00:00',jackrabbit-core/src/main/java/org/apache/jackrabbit/core/itemmanager.java,0,7,1,0
43500,35,19,31,96,906,12,4,2,1,149,'2008-05-15 12:52:06+00:00',jackrabbit-spi-commons/src/main/java/org/apache/jackrabbit/spi/commons/value/qvaluefactoryimpl.java,512,68,28,0
43511,0,0,2,2,188,12,4,2,0,149,'2008-05-15 12:52:06+00:00',jackrabbit-spi-commons/src/main/java/org/apache/jackrabbit/spi/commons/value/valuefactoryqimpl.java,512,1,1,0
43520,2,1,4,11,186,12,4,2,0,149,'2008-05-15 12:52:06+00:00',jackrabbit-spi-commons/src/main/java/org/apache/jackrabbit/spi/commons/value/valueformat.java,512,6,5,0
43529,0,0,6,8,79,12,4,1,1,40,'2008-05-15 12:52:06+00:00',jackrabbit-spi-commons/src/test/java/org/apache/jackrabbit/spi/commons/nodetype/booleanconstrainttest.java,512,4,4,0
43537,71,1,32,109,349,12,4,1,1,149,'2008-05-15 12:52:06+00:00',jackrabbit-spi-commons/src/test/java/org/apache/jackrabbit/spi/commons/value/qvaluetest.java,512,90,19,0
43546,11,2,0,16,129,12,4,3,3,267,'2008-05-15 12:52:06+00:00',jackrabbit-spi/src/main/java/org/apache/jackrabbit/spi/qvalue.java,512,13,3,0
43555,9,1,0,11,131,12,4,7,5,267,'2008-05-15 12:52:06+00:00',jackrabbit-spi/src/main/java/org/apache/jackrabbit/spi/qvaluefactory.java,0,10,1,0
43571,0,0,2,2,0,14,5,5,1,530,'2008-05-16 14:13:09+00:00',jackrabbit-core/src/main/java/org/apache/jackrabbit/core/nodetype/itemdefinitionimpl.java,383,1,1,0
43577,4,0,2,8,0,14,5,5,2,530,'2008-05-16 14:13:09+00:00',jackrabbit-core/src/main/java/org/apache/jackrabbit/core/nodetype/nodedefinitionimpl.java,383,7,1,0
43583,163,0,0,164,0,14,5,0,0,0,'2008-05-16 14:13:09+00:00',jackrabbit-core/src/main/java/org/apache/jackrabbit/core/nodetype/nodetypedefinitionimpl.java,383,164,0,0
43587,7,4,22,46,0,14,5,5,3,225,'2008-05-16 14:13:09+00:00',jackrabbit-core/src/main/java/org/apache/jackrabbit/core/nodetype/nodetypetemplateimpl.java,383,32,14,0
43594,0,0,2,2,0,14,5,3,1,530,'2008-05-16 14:13:09+00:00',jackrabbit-core/src/main/java/org/apache/jackrabbit/core/nodetype/propertydefinitionimpl.java,383,1,1,0
43599,16,0,0,17,0,14,5,8,4,530,'2008-05-16 14:13:09+00:00',jackrabbit-core/src/main/java/org/apache/jackrabbit/core/nodetype/compact/compactnodetypedefreader.java,0,17,0,0
43610,43,0,0,44,468,7,4,5,4,63,'2008-05-22 07:11:50+00:00',jackrabbit-core/src/main/java/org/apache/jackrabbit/core/defaultsecuritymanager.java,285,44,0,1
43616,8,0,17,27,1633,7,4,35,26,535,'2008-05-22 07:11:50+00:00',jackrabbit-core/src/main/java/org/apache/jackrabbit/core/sessionimpl.java,285,10,17,0
43625,8,0,2,11,187,7,4,5,3,535,'2008-05-22 07:11:50+00:00',jackrabbit-core/src/main/java/org/apache/jackrabbit/core/systemsession.java,285,10,1,0
43634,8,0,0,9,103,7,4,2,1,63,'2008-05-22 07:11:50+00:00',jackrabbit-core/src/main/java/org/apache/jackrabbit/core/security/jackrabbitsecuritymanager.java,285,9,0,0
43643,26,0,0,27,321,7,4,2,2,63,'2008-05-22 07:11:50+00:00',jackrabbit-core/src/main/java/org/apache/jackrabbit/core/security/simple/simplesecuritymanager.java,285,27,0,1
43652,28,0,2,33,356,7,4,3,3,63,'2008-05-22 07:11:50+00:00',jackrabbit-core/src/test/java/org/apache/jackrabbit/core/security/user/usermanagerimpltest.java,0,32,1,0
43410,21,6,45,77,1489,16,1,6,4,203,'2008-05-12 16:40:39+00:00',jackrabbit-spi2jcr/src/main/java/org/apache/jackrabbit/spi2jcr/repositoryserviceimpl.java,0,67,10,0
43421,22,6,37,73,924,17,1,9,6,203,'2008-05-12 17:23:47+00:00',jackrabbit-jcr2spi/src/main/java/org/apache/jackrabbit/jcr2spi/sessionimpl.java,443,33,40,1
43429,0,278,0,279,279,17,1,2,0,203,'2008-05-12 17:23:47+00:00',jackrabbit-jcr2spi/src/main/java/org/apache/jackrabbit/jcr2spi/name/localnamespacemappings.java,0,0,279,0
43437,100,0,0,101,101,17,1,0,0,0,'2008-05-12 17:45:17+00:00',jackrabbit-jcr2spi/src/main/java/org/apache/jackrabbit/jcr2spi/namespaceregistryimpl.java,259,101,0,0
43441,0,4,0,5,534,17,1,8,6,203,'2008-05-12 17:45:17+00:00',jackrabbit-jcr2spi/src/main/java/org/apache/jackrabbit/jcr2spi/workspaceimpl.java,259,0,5,0
43448,0,1,0,1,1043,17,1,7,4,203,'2008-05-12 17:45:17+00:00',jackrabbit-jcr2spi/src/main/java/org/apache/jackrabbit/jcr2spi/workspacemanager.java,259,0,1,0
43456,0,100,0,101,101,17,1,6,5,203,'2008-05-12 17:45:17+00:00',jackrabbit-jcr2spi/src/main/java/org/apache/jackrabbit/jcr2spi/name/namespaceregistryimpl.java,0,0,101,0
43463,59,0,0,62,423,9,3,8,4,442,'2008-05-14 09:44:44+00:00',jackrabbit-jcr-commons/src/main/java/org/apache/jackrabbit/commons/abstractsession.java,972,62,0,1
43470,104,0,0,105,106,9,3,0,0,0,'2008-05-14 09:44:44+00:00',jackrabbit-jcr-commons/src/main/java/org/apache/jackrabbit/commons/xml/documentviewexporter.java,972,105,0,1
43475,580,0,0,581,561,9,3,0,0,0,'2008-05-14 09:44:44+00:00',jackrabbit-jcr-commons/src/main/java/org/apache/jackrabbit/commons/xml/exporter.java,972,581,0,1
43479,170,0,0,171,179,9,3,0,0,0,'2008-05-14 09:44:44+00:00',jackrabbit-jcr-commons/src/main/java/org/apache/jackrabbit/commons/xml/systemviewexporter.java,0,171,0,1
43498,66,0,0,67,0,8,4,0,0,0,'2008-05-15 08:04:10+00:00',jackrabbit-api/src/main/java/org/apache/jackrabbit/api/jsr283/nodetype/invalidnodetypedefinitionexception.java,1341,67,0,0
43502,92,0,0,93,0,8,4,0,0,0,'2008-05-15 08:04:10+00:00',jackrabbit-api/src/main/java/org/apache/jackrabbit/api/jsr283/nodetype/nodedefinitiontemplate.java,1341,93,0,0
43507,153,0,0,154,0,8,4,0,0,0,'2008-05-15 08:04:10+00:00',jackrabbit-api/src/main/java/org/apache/jackrabbit/api/jsr283/nodetype/nodetypedefinition.java,1341,154,0,0
43512,66,0,0,67,0,8,4,0,0,0,'2008-05-15 08:04:10+00:00',jackrabbit-api/src/main/java/org/apache/jackrabbit/api/jsr283/nodetype/nodetypeexistsexception.java,1341,67,0,0
43516,103,0,0,104,0,8,4,0,0,0,'2008-05-15 08:04:10+00:00',jackrabbit-api/src/main/java/org/apache/jackrabbit/api/jsr283/nodetype/nodetypetemplate.java,1341,104,0,0
43521,99,0,0,100,0,8,4,0,0,0,'2008-05-15 08:04:10+00:00',jackrabbit-api/src/main/java/org/apache/jackrabbit/api/jsr283/nodetype/propertydefinitiontemplate.java,1341,100,0,0
43525,0,0,2,2,0,8,4,2,1,175,'2008-05-15 08:04:10+00:00',jackrabbit-core/src/main/java/org/apache/jackrabbit/core/nodetype/nodedefinitiontemplateimpl.java,1341,1,1,0
43535,0,0,2,2,0,8,4,8,5,528,'2008-05-15 08:04:10+00:00',jackrabbit-core/src/main/java/org/apache/jackrabbit/core/nodetype/nodetypeimpl.java,1341,1,1,0
43543,1,0,9,12,0,8,4,13,8,528,'2008-05-15 08:04:10+00:00',jackrabbit-core/src/main/java/org/apache/jackrabbit/core/nodetype/nodetypemanagerimpl.java,1341,6,6,1
43552,0,0,6,8,0,8,4,4,2,224,'2008-05-15 08:04:10+00:00',jackrabbit-core/src/main/java/org/apache/jackrabbit/core/nodetype/nodetypetemplateimpl.java,1341,4,4,1
43561,0,0,2,2,0,8,4,2,2,175,'2008-05-15 08:04:10+00:00',jackrabbit-core/src/main/java/org/apache/jackrabbit/core/nodetype/propertydefinitiontemplateimpl.java,1341,1,1,0
43566,0,66,0,67,0,8,4,1,0,224,'2008-05-15 08:04:10+00:00',jackrabbit-core/src/main/java/org/apache/jackrabbit/core/nodetype/jsr283/invalidnodetypedefinitionexception.java,1341,0,67,0
43570,0,92,0,93,0,8,4,2,2,224,'2008-05-15 08:04:10+00:00',jackrabbit-core/src/main/java/org/apache/jackrabbit/core/nodetype/jsr283/nodedefinitiontemplate.java,1341,0,93,0
43575,0,153,0,154,0,8,4,2,1,224,'2008-05-15 08:04:10+00:00',jackrabbit-core/src/main/java/org/apache/jackrabbit/core/nodetype/jsr283/nodetypedefinition.java,1341,0,154,0
43576,0,66,0,67,0,8,4,2,0,224,'2008-05-15 08:04:10+00:00',jackrabbit-core/src/main/java/org/apache/jackrabbit/core/nodetype/jsr283/nodetypeexistsexception.java,1341,0,67,0
43580,0,103,0,104,0,8,4,2,1,224,'2008-05-15 08:04:10+00:00',jackrabbit-core/src/main/java/org/apache/jackrabbit/core/nodetype/jsr283/nodetypetemplate.java,1341,0,104,0
43582,0,99,0,100,0,8,4,3,2,224,'2008-05-15 08:04:10+00:00',jackrabbit-core/src/main/java/org/apache/jackrabbit/core/nodetype/jsr283/propertydefinitiontemplate.java,0,0,100,0
43595,0,0,2,3,206,11,3,1,1,133,'2008-05-21 11:31:00+00:00',jackrabbit-jcr-commons/src/main/java/org/apache/jackrabbit/commons/packaging/filtercontentpackage.java,241,1,2,0
43601,0,1,0,2,78,11,3,1,1,133,'2008-05-21 11:31:00+00:00',jackrabbit-jcr-commons/src/main/java/org/apache/jackrabbit/commons/predicate/depthpredicate.java,241,0,2,0
43606,0,1,0,2,117,11,3,1,1,133,'2008-05-21 11:31:00+00:00',jackrabbit-jcr-commons/src/main/java/org/apache/jackrabbit/commons/predicate/ntfilepredicate.java,241,0,2,0
43612,0,1,0,2,78,11,3,1,1,133,'2008-05-21 11:31:00+00:00',jackrabbit-jcr-commons/src/main/java/org/apache/jackrabbit/commons/predicate/pathpredicate.java,241,0,2,0
43621,41,0,0,42,51,11,3,0,0,0,'2008-05-21 11:31:00+00:00',jackrabbit-jcr-commons/src/main/java/org/apache/jackrabbit/commons/predicate/predicate.java,241,42,0,0
43627,0,8,0,10,103,11,3,4,2,353,'2008-05-21 11:31:00+00:00',jackrabbit-jcr-commons/src/main/java/org/apache/jackrabbit/commons/repository/proxyrepository.java,241,0,10,0
43636,0,0,6,7,238,11,3,1,1,133,'2008-05-21 11:31:00+00:00',jackrabbit-jcr-commons/src/main/java/org/apache/jackrabbit/commons/visitor/filteringitemvisitor.java,241,3,4,0
43645,0,2,3,8,113,11,3,4,1,534,'2008-05-21 11:31:00+00:00',jackrabbit-jcr-commons/src/main/java/org/apache/jackrabbit/util/name/namespaceextractor.java,0,2,6,0
43653,0,0,67,95,2021,12,2,19,13,541,'2008-05-27 12:54:15+00:00',jackrabbit-core/src/main/java/org/apache/jackrabbit/core/batcheditemoperations.java,0,65,30,0
43675,46,0,14,64,0,14,4,2,0,549,'2008-06-05 14:51:12+00:00',jackrabbit-jcr-commons/src/main/java/org/apache/jackrabbit/util/transientfilefactory.java,0,52,12,0
43913,0,0,2,2,1181,6,5,19,15,492,'2008-06-27 06:39:03+00:00',jackrabbit-core/src/main/java/org/apache/jackrabbit/core/journal/databasejournal.java,0,1,1,0
43927,0,0,28,37,234,12,5,1,0,199,'2008-07-04 12:09:02+00:00',jackrabbit-spi-commons/src/main/java/org/apache/jackrabbit/spi/commons/identifier/abstractidfactory.java,238,24,13,0
43936,69,0,0,70,70,12,5,0,0,0,'2008-07-04 12:09:02+00:00',jackrabbit-spi-commons/src/test/java/org/apache/jackrabbit/spi/commons/identifier/serializationtest.java,238,70,0,0
43939,41,0,0,42,0,12,5,0,0,0,'2008-07-04 12:09:02+00:00',jackrabbit-spi-commons/src/test/java/org/apache/jackrabbit/spi/commons/identifier/testall.java,0,42,0,0
43949,16,14,40,72,1096,10,3,27,19,590,'2008-07-16 10:11:29+00:00',jackrabbit-core/src/main/java/org/apache/jackrabbit/core/query/lucene/lucenequerybuilder.java,1383,37,35,0
43959,9,8,2,21,202,10,3,17,15,590,'2008-07-16 10:11:29+00:00',jackrabbit-core/src/main/java/org/apache/jackrabbit/core/query/lucene/queryimpl.java,1383,11,10,0
43968,2,0,2,5,61,10,3,1,1,148,'2008-07-16 10:11:29+00:00',jackrabbit-spi-commons/src/main/java/org/apache/jackrabbit/spi/commons/query/andquerynode.java,1383,4,1,0
43976,1,0,26,28,76,10,3,1,1,148,'2008-07-16 10:11:29+00:00',jackrabbit-spi-commons/src/main/java/org/apache/jackrabbit/spi/commons/query/defaultquerynodevisitor.java,1383,15,13,0
43985,2,0,2,5,98,10,3,1,1,148,'2008-07-16 10:11:29+00:00',jackrabbit-spi-commons/src/main/java/org/apache/jackrabbit/spi/commons/query/derefquerynode.java,1383,4,1,0
43994,2,0,2,5,103,10,3,1,1,148,'2008-07-16 10:11:29+00:00',jackrabbit-spi-commons/src/main/java/org/apache/jackrabbit/spi/commons/query/exactquerynode.java,1383,4,1,0
44002,2,0,4,7,184,10,3,1,1,148,'2008-07-16 10:11:29+00:00',jackrabbit-spi-commons/src/main/java/org/apache/jackrabbit/spi/commons/query/locationstepquerynode.java,1383,5,2,0
44010,2,0,2,5,175,10,3,2,1,148,'2008-07-16 10:11:29+00:00',jackrabbit-spi-commons/src/main/java/org/apache/jackrabbit/spi/commons/query/naryquerynode.java,1383,4,1,0
44020,2,0,4,7,65,10,3,1,1,148,'2008-07-16 10:11:29+00:00',jackrabbit-spi-commons/src/main/java/org/apache/jackrabbit/spi/commons/query/nodetypequerynode.java,1383,5,2,0
44032,2,0,2,5,58,10,3,1,1,148,'2008-07-16 10:11:29+00:00',jackrabbit-spi-commons/src/main/java/org/apache/jackrabbit/spi/commons/query/notquerynode.java,1383,4,1,0
44044,2,0,2,5,60,10,3,1,1,148,'2008-07-16 10:11:29+00:00',jackrabbit-spi-commons/src/main/java/org/apache/jackrabbit/spi/commons/query/orquerynode.java,1383,4,1,0
44056,2,0,4,7,199,10,3,1,1,148,'2008-07-16 10:11:29+00:00',jackrabbit-spi-commons/src/main/java/org/apache/jackrabbit/spi/commons/query/orderquerynode.java,1383,5,2,0
44069,2,0,4,7,189,10,3,1,1,148,'2008-07-16 10:11:29+00:00',jackrabbit-spi-commons/src/main/java/org/apache/jackrabbit/spi/commons/query/pathquerynode.java,1383,5,2,0
44081,4,1,2,9,123,10,3,1,1,148,'2008-07-16 10:11:29+00:00',jackrabbit-spi-commons/src/main/java/org/apache/jackrabbit/spi/commons/query/propertyfunctionquerynode.java,1383,6,3,0
44090,3,0,6,10,137,10,3,1,1,148,'2008-07-16 10:11:29+00:00',jackrabbit-spi-commons/src/main/java/org/apache/jackrabbit/spi/commons/query/querynode.java,1383,7,3,0
44100,1,0,26,28,49,10,3,1,1,148,'2008-07-16 10:11:29+00:00',jackrabbit-spi-commons/src/main/java/org/apache/jackrabbit/spi/commons/query/querynodevisitor.java,1383,15,13,0
44110,2,0,4,7,144,10,3,1,1,148,'2008-07-16 10:11:29+00:00',jackrabbit-spi-commons/src/main/java/org/apache/jackrabbit/spi/commons/query/queryrootnode.java,1383,5,2,0
44121,3,0,22,26,338,10,3,1,1,148,'2008-07-16 10:11:29+00:00',jackrabbit-spi-commons/src/main/java/org/apache/jackrabbit/spi/commons/query/querytreedump.java,1383,15,11,0
44129,2,1,4,9,338,10,3,1,1,148,'2008-07-16 10:11:29+00:00',jackrabbit-spi-commons/src/main/java/org/apache/jackrabbit/spi/commons/query/relationquerynode.java,1383,5,4,0
44140,4,1,2,9,205,10,3,1,1,148,'2008-07-16 10:11:29+00:00',jackrabbit-spi-commons/src/main/java/org/apache/jackrabbit/spi/commons/query/textsearchquerynode.java,1383,6,3,0
44148,1,0,14,16,60,10,3,1,0,148,'2008-07-16 10:11:29+00:00',jackrabbit-spi-commons/src/main/java/org/apache/jackrabbit/spi/commons/query/traversingquerynodevisitor.java,1383,9,7,0
44156,12,9,26,51,517,10,3,1,1,148,'2008-07-16 10:11:29+00:00',jackrabbit-spi-commons/src/main/java/org/apache/jackrabbit/spi/commons/query/sql/queryformat.java,1383,29,22,0
44164,8,1,33,47,517,10,3,1,1,148,'2008-07-16 10:11:29+00:00',jackrabbit-spi-commons/src/main/java/org/apache/jackrabbit/spi/commons/query/xpath/queryformat.java,1383,27,20,0
44175,2,0,0,2,151,10,3,1,1,148,'2008-07-16 10:11:29+00:00',jackrabbit-spi-commons/src/main/java/org/apache/jackrabbit/spi/commons/query/xpath/simplenode.java,1383,2,0,0
44181,15,14,23,60,1182,10,3,3,1,148,'2008-07-16 10:11:29+00:00',jackrabbit-spi-commons/src/main/java/org/apache/jackrabbit/spi/commons/query/xpath/xpathquerybuilder.java,0,33,27,0
43413,0,0,2,2,534,16,1,7,5,203,'2008-05-12 16:51:39+00:00',jackrabbit-jcr2spi/src/main/java/org/apache/jackrabbit/jcr2spi/workspaceimpl.java,211,1,1,1
43420,17,9,10,44,225,16,1,5,3,203,'2008-05-12 16:51:39+00:00',jackrabbit-jcr2spi/src/main/java/org/apache/jackrabbit/jcr2spi/query/queryimpl.java,211,27,17,1
43428,0,8,4,13,131,16,1,4,3,203,'2008-05-12 16:51:39+00:00',jackrabbit-jcr2spi/src/main/java/org/apache/jackrabbit/jcr2spi/query/querymanagerimpl.java,0,2,11,1
43438,0,266,0,267,267,17,1,7,3,526,'2008-05-12 17:50:40+00:00',jackrabbit-core/src/main/java/org/apache/jackrabbit/core/localnamespacemappings.java,384,0,267,0
43444,0,19,28,55,1689,17,1,30,25,526,'2008-05-12 17:50:40+00:00',jackrabbit-core/src/main/java/org/apache/jackrabbit/core/sessionimpl.java,0,19,36,0
43454,0,0,2,2,1078,8,3,12,9,527,'2008-05-14 08:10:30+00:00',jackrabbit-core/src/main/java/org/apache/jackrabbit/core/lock/lockmanagerimpl.java,0,1,1,0
43468,44,0,0,47,181,9,3,2,2,55,'2008-05-14 09:28:44+00:00',jackrabbit-core/src/main/java/org/apache/jackrabbit/core/security/abstractaccesscontrolmanager.java,1321,47,0,1
43476,48,0,0,51,531,9,3,5,5,55,'2008-05-14 09:28:44+00:00',jackrabbit-core/src/main/java/org/apache/jackrabbit/core/security/defaultaccessmanager.java,1321,51,0,1
43486,15,0,0,16,23,9,3,1,1,55,'2008-05-14 09:28:44+00:00',jackrabbit-core/src/main/java/org/apache/jackrabbit/core/security/jsr283/security/accesscontrolentry.java,1321,16,0,0
43492,15,0,0,16,52,9,3,1,0,55,'2008-05-14 09:28:44+00:00',jackrabbit-core/src/main/java/org/apache/jackrabbit/core/security/jsr283/security/accesscontrolexception.java,1321,16,0,0
43499,447,2,223,715,330,9,3,2,2,55,'2008-05-14 09:28:44+00:00',jackrabbit-core/src/main/java/org/apache/jackrabbit/core/security/jsr283/security/accesscontrolmanager.java,1321,626,89,1
43509,15,1,3,22,34,9,3,1,1,55,'2008-05-14 09:28:44+00:00',jackrabbit-core/src/main/java/org/apache/jackrabbit/core/security/jsr283/security/accesscontrolpolicy.java,1321,17,5,1
43517,15,0,0,16,23,9,3,1,0,55,'2008-05-14 09:28:44+00:00',jackrabbit-core/src/main/java/org/apache/jackrabbit/core/security/jsr283/security/accesscontrolpolicyiterator.java,1321,16,0,0
43527,51,0,0,52,52,9,3,0,0,0,'2008-05-14 09:28:44+00:00',jackrabbit-core/src/main/java/org/apache/jackrabbit/core/security/jsr283/security/hold.java,1321,52,0,0
43532,15,0,0,16,131,9,3,1,1,55,'2008-05-14 09:28:44+00:00',jackrabbit-core/src/main/java/org/apache/jackrabbit/core/security/jsr283/security/privilege.java,1321,16,0,0
43540,42,0,0,43,43,9,3,0,0,0,'2008-05-14 09:28:44+00:00',jackrabbit-core/src/main/java/org/apache/jackrabbit/core/security/jsr283/security/retentionpolicy.java,0,43,0,0
43548,0,0,4,4,1633,12,5,33,25,530,'2008-05-16 12:41:55+00:00',jackrabbit-core/src/main/java/org/apache/jackrabbit/core/sessionimpl.java,408,2,2,0
43556,0,0,2,2,1281,12,5,15,13,530,'2008-05-16 12:41:55+00:00',jackrabbit-core/src/main/java/org/apache/jackrabbit/core/workspaceimpl.java,408,1,1,0
43563,1,10,55,74,966,12,5,14,9,530,'2008-05-16 12:41:55+00:00',jackrabbit-core/src/main/java/org/apache/jackrabbit/core/nodetype/nodetypemanagerimpl.java,408,26,48,0
43569,2,26,15,54,220,12,5,3,2,530,'2008-05-16 12:41:55+00:00',jackrabbit-core/src/main/java/org/apache/jackrabbit/core/xml/importhandler.java,0,14,40,0
43838,29,0,4,37,158,9,1,2,0,560,'2008-06-16 09:25:02+00:00',jackrabbit-core/src/test/java/org/apache/jackrabbit/core/query/dereftest.java,101,34,3,0
43847,0,0,9,10,167,9,1,1,1,118,'2008-06-16 09:25:02+00:00',jackrabbit-spi-commons/src/main/java/org/apache/jackrabbit/spi/commons/query/naryquerynode.java,0,9,1,0
43867,0,0,2,2,144,8,3,4,2,90,'2008-06-18 08:18:34+00:00',jackrabbit-core/src/main/java/org/apache/jackrabbit/core/security/user/indexnoderesolver.java,45,1,1,0
43877,6,0,0,7,238,8,3,2,2,33,'2008-06-18 08:18:34+00:00',jackrabbit-core/src/test/java/org/apache/jackrabbit/core/security/user/noderesolvertest.java,0,7,0,0
43907,214,0,0,215,215,9,5,0,0,0,'2008-06-20 09:35:06+00:00',jackrabbit-core/src/test/java/org/apache/jackrabbit/core/integration/versioningtest.java,0,215,0,0
43916,0,0,2,2,1562,14,5,11,4,572,'2008-06-27 14:43:43+00:00',jackrabbit-core/src/main/java/org/apache/jackrabbit/core/fs/db/databasefilesystem.java,0,1,1,0
43929,2,0,11,14,249,12,5,2,1,579,'2008-07-04 12:20:51+00:00',jackrabbit-jca/src/main/java/org/apache/jackrabbit/jca/jcarepositorymanager.java,0,13,1,0
43944,127,0,0,128,111,14,2,0,0,0,'2008-07-08 14:37:23+00:00',jackrabbit-spi-commons/src/main/java/org/apache/jackrabbit/spi/commons/name/matchresult.java,1123,128,0,0
43947,97,0,0,98,90,14,2,0,0,0,'2008-07-08 14:37:23+00:00',jackrabbit-spi-commons/src/main/java/org/apache/jackrabbit/spi/commons/name/matcher.java,1123,98,0,0
43954,504,0,0,505,505,14,2,0,0,0,'2008-07-08 14:37:23+00:00',jackrabbit-spi-commons/src/main/java/org/apache/jackrabbit/spi/commons/name/pattern.java,1123,505,0,0
43957,72,0,0,73,73,14,2,0,0,0,'2008-07-08 14:37:23+00:00',jackrabbit-spi-commons/src/test/java/org/apache/jackrabbit/spi/commons/name/matchertest.java,1123,73,0,0
43963,266,0,0,267,267,14,2,0,0,0,'2008-07-08 14:37:23+00:00',jackrabbit-spi-commons/src/test/java/org/apache/jackrabbit/spi/commons/name/patterntest.java,1123,267,0,0
43967,1,0,0,2,45,14,2,3,1,203,'2008-07-08 14:37:23+00:00',jackrabbit-spi-commons/src/test/java/org/apache/jackrabbit/spi/commons/name/testall.java,1123,2,0,0
43990,17,1,10,32,138,12,5,1,0,593,'2008-07-18 12:58:22+00:00',jackrabbit-jcr-server/src/main/java/org/apache/jackrabbit/webdav/jcr/jcrdavexception.java,210,26,6,0
43999,53,0,0,54,53,12,5,0,0,0,'2008-07-18 12:58:22+00:00',jackrabbit-jcr-server/src/test/java/org/apache/jackrabbit/webdav/jcr/jcrdavexceptiontest.java,210,54,0,0
44039,126,0,0,127,0,13,5,0,0,0,'2008-07-18 13:50:36+00:00',jackrabbit-spi2jcr/src/test/java/org/apache/jackrabbit/spi2jcr/defaultrepositorystub.java,2054,127,0,0
44045,117,0,0,118,0,13,5,0,0,0,'2008-07-18 13:50:36+00:00',jackrabbit-spi2jcr/src/test/java/org/apache/jackrabbit/spi2jcr/rmirepositorystub.java,2054,118,0,0
44051,266,0,0,267,0,13,5,0,0,0,'2008-07-18 13:50:36+00:00',jackrabbit-spi2jcr/src/test/java/org/apache/jackrabbit/spi2jcr/repositorysetup.java,2054,267,0,0
44057,87,0,0,88,87,13,5,0,0,0,'2008-07-18 13:50:36+00:00',jackrabbit-spi2jcr/src/test/java/org/apache/jackrabbit/spi2jcr/repositorystubimpl.java,2054,88,0,1
44064,126,0,0,127,75,13,5,0,0,0,'2008-07-18 13:50:36+00:00',jackrabbit-spi2jcr/src/test/java/org/apache/jackrabbit/spi2jcr/servicestubimpl.java,2054,127,0,0
44070,44,0,0,45,28,13,5,0,0,0,'2008-07-18 13:50:36+00:00',jackrabbit-spi2jcr/src/test/java/org/apache/jackrabbit/spi2jcr/jcr2spi/testall.java,2054,45,0,0
44075,39,0,0,40,28,13,5,0,0,0,'2008-07-18 13:50:36+00:00',jackrabbit-spi2jcr/src/test/java/org/apache/jackrabbit/spi2jcr/spi/testall.java,2054,40,0,0
44082,30,0,0,31,30,13,5,0,0,0,'2008-07-18 13:50:36+00:00',jackrabbit-spi2jcr/src/test/java/org/apache/jackrabbit/test/jcrbenchmark.java,2054,31,0,0
44087,41,0,0,42,28,13,5,0,0,0,'2008-07-18 13:50:36+00:00',jackrabbit-spi2jcr/src/test/java/org/apache/jackrabbit/test/testall.java,2054,42,0,0
43415,158,0,0,163,260,17,1,7,3,440,'2008-05-12 17:15:01+00:00',jackrabbit-jcr-commons/src/main/java/org/apache/jackrabbit/commons/abstractsession.java,0,163,0,1
43424,0,9,2,12,1089,17,1,5,2,203,'2008-05-12 17:32:25+00:00',jackrabbit-jcr2spi/src/main/java/org/apache/jackrabbit/jcr2spi/workspacemanager.java,673,1,11,1
43431,0,498,0,499,499,17,1,2,0,203,'2008-05-12 17:32:25+00:00',jackrabbit-jcr2spi/src/main/java/org/apache/jackrabbit/jcr2spi/name/namespacecache.java,673,0,499,0
43435,1,19,21,48,130,17,1,4,3,203,'2008-05-12 17:32:25+00:00',jackrabbit-jcr2spi/src/main/java/org/apache/jackrabbit/jcr2spi/name/namespaceregistryimpl.java,0,13,35,1
43471,0,71,0,74,917,9,3,10,7,204,'2008-05-14 09:52:18+00:00',jackrabbit-jcr2spi/src/main/java/org/apache/jackrabbit/jcr2spi/sessionimpl.java,1165,0,74,0
43480,0,443,0,444,444,9,3,3,1,204,'2008-05-14 09:52:18+00:00',jackrabbit-jcr2spi/src/main/java/org/apache/jackrabbit/jcr2spi/xml/abstractsaxeventgenerator.java,1165,0,444,0
43485,0,221,0,222,222,9,3,3,0,204,'2008-05-14 09:52:18+00:00',jackrabbit-jcr2spi/src/main/java/org/apache/jackrabbit/jcr2spi/xml/docviewsaxeventgenerator.java,1165,0,222,0
43489,14,0,18,33,324,9,3,4,3,204,'2008-05-14 09:52:18+00:00',jackrabbit-jcr2spi/src/main/java/org/apache/jackrabbit/jcr2spi/xml/sysviewimporthandler.java,1165,24,9,0
43494,0,266,0,267,267,9,3,1,0,204,'2008-05-14 09:52:18+00:00',jackrabbit-jcr2spi/src/main/java/org/apache/jackrabbit/jcr2spi/xml/sysviewsaxeventgenerator.java,1165,0,267,0
43504,0,2,3,7,985,14,4,18,15,529,'2008-05-15 14:36:15+00:00',jackrabbit-core/src/main/java/org/apache/jackrabbit/core/cachinghierarchymanager.java,381,2,5,0
43514,0,40,2,45,693,14,4,11,9,529,'2008-05-15 14:36:15+00:00',jackrabbit-core/src/main/java/org/apache/jackrabbit/core/hierarchymanagerimpl.java,381,1,44,0
43523,0,0,2,4,538,14,4,18,13,529,'2008-05-15 14:36:15+00:00',jackrabbit-core/src/main/java/org/apache/jackrabbit/core/searchmanager.java,381,2,2,0
43531,0,0,2,2,1633,14,4,32,25,529,'2008-05-15 14:36:15+00:00',jackrabbit-core/src/main/java/org/apache/jackrabbit/core/sessionimpl.java,381,1,1,0
43539,0,0,2,4,1281,14,4,14,13,529,'2008-05-15 14:36:15+00:00',jackrabbit-core/src/main/java/org/apache/jackrabbit/core/workspaceimpl.java,381,2,2,0
43549,0,0,2,2,136,14,4,3,1,529,'2008-05-15 14:36:15+00:00',jackrabbit-core/src/main/java/org/apache/jackrabbit/core/zombiehierarchymanager.java,381,1,1,0
43558,0,0,5,7,243,14,4,4,3,529,'2008-05-15 14:36:15+00:00',jackrabbit-core/src/main/java/org/apache/jackrabbit/core/observation/changelogbasedhierarchymgr.java,381,2,5,0
43564,0,0,2,4,567,14,4,8,4,529,'2008-05-15 14:36:15+00:00',jackrabbit-core/src/main/java/org/apache/jackrabbit/core/observation/eventstatecollection.java,381,2,2,0
43572,0,2,5,9,813,14,4,8,6,391,'2008-05-15 14:36:15+00:00',jackrabbit-core/src/main/java/org/apache/jackrabbit/core/query/lucene/indexingconfigurationimpl.java,381,1,8,0
43578,0,0,2,2,853,14,4,18,9,250,'2008-05-15 14:36:15+00:00',jackrabbit-core/src/main/java/org/apache/jackrabbit/core/query/lucene/jqom2lucenequerybuilder.java,381,1,1,0
43584,0,1,2,3,1097,14,4,26,19,529,'2008-05-15 14:36:15+00:00',jackrabbit-core/src/main/java/org/apache/jackrabbit/core/query/lucene/lucenequerybuilder.java,381,1,2,0
43590,0,2,2,4,998,14,4,12,7,529,'2008-05-15 14:36:15+00:00',jackrabbit-core/src/main/java/org/apache/jackrabbit/core/state/sessionitemstatemanager.java,381,1,3,0
43596,0,0,22,22,604,14,4,7,7,91,'2008-05-15 14:36:15+00:00',jackrabbit-core/src/test/java/org/apache/jackrabbit/core/cachinghierarchymanagertest.java,0,11,11,0
43605,0,0,2,3,575,20,3,3,2,142,'2008-05-21 20:50:08+00:00',jackrabbit-ocm/src/main/java/org/apache/jackrabbit/ocm/mapper/model/classdescriptor.java,0,2,1,0
43626,10,2,28,47,320,11,4,3,0,535,'2008-05-22 11:51:37+00:00',jackrabbit-webdav/src/main/java/org/apache/jackrabbit/webdav/webdavresponseimpl.java,278,30,17,1
43635,12,3,33,54,64,11,4,1,0,535,'2008-05-22 11:51:37+00:00',jackrabbit-webdav/src/main/java/org/apache/jackrabbit/webdav/client/methods/xmlrequestentity.java,278,34,20,1
43644,8,0,13,27,625,11,4,6,2,535,'2008-05-22 11:51:37+00:00',jackrabbit-webdav/src/main/java/org/apache/jackrabbit/webdav/xml/domutil.java,0,20,7,0
43658,16,0,0,17,873,19,5,5,4,144,'2008-05-23 19:54:09+00:00',jackrabbit-ocm/src/main/java/org/apache/jackrabbit/ocm/manager/objectconverter/impl/objectconverterimpl.java,582,17,0,0
43665,3,0,22,27,166,19,5,3,2,144,'2008-05-23 19:54:09+00:00',jackrabbit-ocm/src/test/java/org/apache/jackrabbit/ocm/annotationtestbase.java,582,16,11,1
43673,1,0,157,164,266,19,5,4,2,144,'2008-05-23 19:54:09+00:00',jackrabbit-ocm/src/test/java/org/apache/jackrabbit/ocm/manager/version/annotationbasicversionningtest.java,582,118,46,0
43680,27,0,0,28,43,19,5,0,0,0,'2008-05-23 19:54:09+00:00',jackrabbit-ocm/src/test/java/org/apache/jackrabbit/ocm/testmodel/version/author.java,582,28,0,0
43683,61,0,0,62,78,19,5,0,0,0,'2008-05-23 19:54:09+00:00',jackrabbit-ocm/src/test/java/org/apache/jackrabbit/ocm/testmodel/version/pressrelease.java,0,62,0,0
43495,5,0,91,114,204,11,4,2,2,56,'2008-05-15 11:49:36+00:00',jackrabbit-core/src/main/java/org/apache/jackrabbit/core/security/user/traversingnoderesolver.java,572,79,35,1
43503,37,0,0,38,37,11,4,0,0,0,'2008-05-15 11:49:36+00:00',jackrabbit-core/src/test/java/org/apache/jackrabbit/core/security/user/indexnoderesolvertest.java,572,38,0,1
43508,238,0,0,239,252,11,4,0,0,0,'2008-05-15 11:49:36+00:00',jackrabbit-core/src/test/java/org/apache/jackrabbit/core/security/user/noderesolvertest.java,572,239,0,1
43513,2,0,0,3,44,11,4,1,1,56,'2008-05-15 11:49:36+00:00',jackrabbit-core/src/test/java/org/apache/jackrabbit/core/security/user/testall.java,572,3,0,0
43522,37,0,0,38,34,11,4,0,0,0,'2008-05-15 11:49:36+00:00',jackrabbit-core/src/test/java/org/apache/jackrabbit/core/security/user/traversingnoderesolvertest.java,0,38,0,0
43530,11,5,20,39,113,12,5,1,1,358,'2008-05-16 12:25:36+00:00',jackrabbit-core/src/main/java/org/apache/jackrabbit/core/state/defaultismlocking.java,115,13,26,0
43538,0,11,0,12,1494,12,5,20,14,530,'2008-05-16 12:25:36+00:00',jackrabbit-core/src/main/java/org/apache/jackrabbit/core/state/shareditemstatemanager.java,115,0,12,0
43547,0,2,0,2,620,12,5,8,3,530,'2008-05-16 12:25:36+00:00',jackrabbit-core/src/main/java/org/apache/jackrabbit/core/version/xaversionmanager.java,0,0,2,0
43557,1,1,23,29,753,12,5,6,3,530,'2008-05-16 12:42:50+00:00',jackrabbit-jcr-server/src/main/java/org/apache/jackrabbit/server/io/defaulthandler.java,0,6,23,0
43567,0,0,2,2,0,6,1,4,1,270,'2008-05-19 06:37:22+00:00',jackrabbit-spi/src/main/java/org/apache/jackrabbit/spi/batch.java,0,1,1,0
43613,38,0,0,39,39,7,2,0,0,0,'2008-05-20 07:37:15+00:00',jackrabbit-api/src/main/java/org/apache/jackrabbit/api/jsr283/security/accesscontrolentry.java,7539,39,0,0
43619,67,0,0,68,68,7,2,0,0,0,'2008-05-20 07:37:15+00:00',jackrabbit-api/src/main/java/org/apache/jackrabbit/api/jsr283/security/accesscontrolexception.java,7539,68,0,0
43622,866,0,0,867,867,7,2,0,0,0,'2008-05-20 07:37:15+00:00',jackrabbit-api/src/main/java/org/apache/jackrabbit/api/jsr283/security/accesscontrolmanager.java,7539,867,0,0
43628,45,0,0,46,46,7,2,0,0,0,'2008-05-20 07:37:15+00:00',jackrabbit-api/src/main/java/org/apache/jackrabbit/api/jsr283/security/accesscontrolpolicy.java,7539,46,0,0
43631,38,0,0,39,39,7,2,0,0,0,'2008-05-20 07:37:15+00:00',jackrabbit-api/src/main/java/org/apache/jackrabbit/api/jsr283/security/accesscontrolpolicyiterator.java,7539,39,0,0
43637,51,0,0,52,52,7,2,0,0,0,'2008-05-20 07:37:15+00:00',jackrabbit-api/src/main/java/org/apache/jackrabbit/api/jsr283/security/hold.java,7539,52,0,0
43640,146,0,0,147,147,7,2,0,0,0,'2008-05-20 07:37:15+00:00',jackrabbit-api/src/main/java/org/apache/jackrabbit/api/jsr283/security/privilege.java,7539,147,0,0
43646,42,0,0,43,43,7,2,0,0,0,'2008-05-20 07:37:15+00:00',jackrabbit-api/src/main/java/org/apache/jackrabbit/api/jsr283/security/retentionpolicy.java,7539,43,0,0
43649,0,0,2,4,80,7,2,1,1,61,'2008-05-20 07:37:15+00:00',jackrabbit-core/src/main/java/org/apache/jackrabbit/commons/iterator/accesscontrolpolicyiteratoradapter.java,7539,2,2,0
43655,1,1,0,2,468,7,2,4,3,61,'2008-05-20 07:37:15+00:00',jackrabbit-core/src/main/java/org/apache/jackrabbit/core/defaultsecuritymanager.java,7539,1,1,0
43661,1,1,0,2,1633,7,2,34,25,533,'2008-05-20 07:37:15+00:00',jackrabbit-core/src/main/java/org/apache/jackrabbit/core/sessionimpl.java,7539,1,1,1
43669,2,2,0,6,159,7,2,6,5,533,'2008-05-20 07:37:15+00:00',jackrabbit-core/src/main/java/org/apache/jackrabbit/core/security/amcontext.java,7539,3,3,0
43676,11,11,0,24,228,7,2,3,3,61,'2008-05-20 07:37:15+00:00',jackrabbit-core/src/main/java/org/apache/jackrabbit/core/security/abstractaccesscontrolmanager.java,7539,12,12,1
43684,10,5,11,30,582,7,2,6,6,61,'2008-05-20 07:37:15+00:00',jackrabbit-core/src/main/java/org/apache/jackrabbit/core/security/defaultaccessmanager.java,7539,15,15,1
43692,2,2,0,6,66,7,2,1,1,46,'2008-05-20 07:37:15+00:00',jackrabbit-core/src/main/java/org/apache/jackrabbit/core/security/jackrabbitaccesscontrolmanager.java,7539,3,3,0
43702,2,2,0,4,103,7,2,1,1,61,'2008-05-20 07:37:15+00:00',jackrabbit-core/src/main/java/org/apache/jackrabbit/core/security/jackrabbitsecuritymanager.java,7539,2,2,0
43709,1,1,2,4,134,7,2,6,3,406,'2008-05-20 07:37:15+00:00',jackrabbit-core/src/main/java/org/apache/jackrabbit/core/security/simplejbossaccessmanager.java,7539,2,2,0
43717,1,1,0,2,59,7,2,1,1,61,'2008-05-20 07:37:15+00:00',jackrabbit-core/src/main/java/org/apache/jackrabbit/core/security/authentication/authentication.java,7539,1,1,0
43725,3,3,4,14,231,7,2,3,3,61,'2008-05-20 07:37:15+00:00',jackrabbit-core/src/main/java/org/apache/jackrabbit/core/security/authorization/abstractaccesscontrolprovider.java,7539,7,7,1
43732,1,1,0,4,122,7,2,2,2,61,'2008-05-20 07:37:15+00:00',jackrabbit-core/src/main/java/org/apache/jackrabbit/core/security/authorization/abstractcompiledpermissions.java,7539,2,2,0
43740,1,1,6,8,142,7,2,1,1,46,'2008-05-20 07:37:15+00:00',jackrabbit-core/src/main/java/org/apache/jackrabbit/core/security/authorization/abstractpolicyentry.java,7539,4,4,0
43747,1,1,0,2,91,7,2,1,1,61,'2008-05-20 07:37:15+00:00',jackrabbit-core/src/main/java/org/apache/jackrabbit/core/security/authorization/accesscontrolconstants.java,7539,1,1,0
43753,1,1,4,10,189,7,2,3,3,61,'2008-05-20 07:37:15+00:00',jackrabbit-core/src/main/java/org/apache/jackrabbit/core/security/authorization/accesscontroleditor.java,7539,5,5,1
43760,0,0,6,8,136,7,2,2,2,61,'2008-05-20 07:37:15+00:00',jackrabbit-core/src/main/java/org/apache/jackrabbit/core/security/authorization/accesscontrolprovider.java,7539,4,4,1
43765,1,1,0,2,76,7,2,1,1,61,'2008-05-20 07:37:15+00:00',jackrabbit-core/src/main/java/org/apache/jackrabbit/core/security/authorization/accesscontrolproviderfactory.java,7539,1,1,1
43771,0,0,4,4,45,7,2,2,2,61,'2008-05-20 07:37:15+00:00',jackrabbit-core/src/main/java/org/apache/jackrabbit/core/security/authorization/policyentry.java,7539,2,2,0
43780,0,0,4,6,92,7,2,2,1,61,'2008-05-20 07:37:15+00:00',jackrabbit-core/src/main/java/org/apache/jackrabbit/core/security/authorization/policytemplate.java,7539,3,3,0
43789,0,1,8,14,435,7,2,1,1,61,'2008-05-20 07:37:15+00:00',jackrabbit-core/src/main/java/org/apache/jackrabbit/core/security/authorization/privilegeregistry.java,7539,7,7,1
43795,6,9,6,28,346,7,2,2,2,61,'2008-05-20 07:37:15+00:00',jackrabbit-core/src/main/java/org/apache/jackrabbit/core/security/authorization/acl/acleditor.java,7539,14,14,1
43804,2,2,4,10,299,7,2,1,1,61,'2008-05-20 07:37:15+00:00',jackrabbit-core/src/main/java/org/apache/jackrabbit/core/security/authorization/acl/aclimpl.java,7539,5,5,0
43812,3,3,0,8,695,7,2,5,5,61,'2008-05-20 07:37:15+00:00',jackrabbit-core/src/main/java/org/apache/jackrabbit/core/security/authorization/acl/aclprovider.java,7539,4,4,1
43823,4,8,10,26,352,7,2,3,3,61,'2008-05-20 07:37:15+00:00',jackrabbit-core/src/main/java/org/apache/jackrabbit/core/security/authorization/acl/acltemplate.java,7539,13,13,1
43832,1,1,0,2,55,7,2,1,1,61,'2008-05-20 07:37:15+00:00',jackrabbit-core/src/main/java/org/apache/jackrabbit/core/security/authorization/acl/defaultacl.java,7539,1,1,0
43841,3,3,0,8,378,7,2,2,2,61,'2008-05-20 07:37:15+00:00',jackrabbit-core/src/main/java/org/apache/jackrabbit/core/security/authorization/combined/combinededitor.java,7539,4,4,1
43850,6,7,2,20,451,7,2,5,5,61,'2008-05-20 07:37:15+00:00',jackrabbit-core/src/main/java/org/apache/jackrabbit/core/security/authorization/combined/combinedprovider.java,7539,10,10,1
43859,2,2,4,8,139,7,2,3,2,61,'2008-05-20 07:37:15+00:00',jackrabbit-core/src/main/java/org/apache/jackrabbit/core/security/authorization/combined/policytemplateimpl.java,7539,4,4,0
43868,0,38,0,39,39,7,2,2,1,61,'2008-05-20 07:37:15+00:00',jackrabbit-core/src/main/java/org/apache/jackrabbit/core/security/jsr283/security/accesscontrolentry.java,7539,0,39,0
43874,0,67,0,68,68,7,2,2,0,61,'2008-05-20 07:37:15+00:00',jackrabbit-core/src/main/java/org/apache/jackrabbit/core/security/jsr283/security/accesscontrolexception.java,7539,0,68,0
43878,0,866,0,867,867,7,2,3,3,61,'2008-05-20 07:37:15+00:00',jackrabbit-core/src/main/java/org/apache/jackrabbit/core/security/jsr283/security/accesscontrolmanager.java,7539,0,867,0
43884,0,45,0,46,46,7,2,2,2,61,'2008-05-20 07:37:15+00:00',jackrabbit-core/src/main/java/org/apache/jackrabbit/core/security/jsr283/security/accesscontrolpolicy.java,7539,0,46,0
43888,0,38,0,39,39,7,2,2,0,61,'2008-05-20 07:37:15+00:00',jackrabbit-core/src/main/java/org/apache/jackrabbit/core/security/jsr283/security/accesscontrolpolicyiterator.java,7539,0,39,0
43894,0,51,0,52,52,7,2,1,0,5,'2008-05-20 07:37:15+00:00',jackrabbit-core/src/main/java/org/apache/jackrabbit/core/security/jsr283/security/hold.java,7539,0,52,0
43898,0,146,0,147,147,7,2,2,1,61,'2008-05-20 07:37:15+00:00',jackrabbit-core/src/main/java/org/apache/jackrabbit/core/security/jsr283/security/privilege.java,7539,0,147,0
43904,0,42,0,43,43,7,2,1,0,5,'2008-05-20 07:37:15+00:00',jackrabbit-core/src/main/java/org/apache/jackrabbit/core/security/jsr283/security/retentionpolicy.java,7539,0,43,0
43908,1,1,0,2,88,7,2,1,1,61,'2008-05-20 07:37:15+00:00',jackrabbit-core/src/main/java/org/apache/jackrabbit/core/security/principal/abstractprincipaliterator.java,7539,1,1,0
43917,1,1,0,2,367,7,2,3,2,61,'2008-05-20 07:37:15+00:00',jackrabbit-core/src/main/java/org/apache/jackrabbit/core/security/principal/defaultprincipalprovider.java,7539,1,1,0
43924,1,1,0,2,67,7,2,1,1,61,'2008-05-20 07:37:15+00:00',jackrabbit-core/src/main/java/org/apache/jackrabbit/core/security/principal/principaliteratoradapter.java,7539,1,1,0
43933,3,3,0,8,305,7,2,4,3,61,'2008-05-20 07:37:15+00:00',jackrabbit-core/src/main/java/org/apache/jackrabbit/core/security/simple/simpleaccessmanager.java,7539,4,4,1
43942,2,4,4,14,66,7,2,1,1,61,'2008-05-20 07:37:15+00:00',jackrabbit-core/src/main/java/org/apache/jackrabbit/core/security/simple/simpleloginmodule.java,7539,7,7,1
43952,5,5,0,12,321,7,2,1,1,61,'2008-05-20 07:37:15+00:00',jackrabbit-core/src/main/java/org/apache/jackrabbit/core/security/simple/simplesecuritymanager.java,7539,6,6,0
43961,3,0,7,14,209,7,2,1,1,61,'2008-05-20 07:37:15+00:00',jackrabbit-core/src/main/java/org/apache/jackrabbit/core/security/user/impersonationimpl.java,7539,7,7,0
43970,2,2,0,4,144,7,2,3,2,61,'2008-05-20 07:37:15+00:00',jackrabbit-core/src/main/java/org/apache/jackrabbit/core/security/user/indexnoderesolver.java,7539,2,2,0
43978,1,1,0,4,137,7,2,2,2,61,'2008-05-20 07:37:15+00:00',jackrabbit-core/src/main/java/org/apache/jackrabbit/core/security/user/noderesolver.java,7539,2,2,0
43987,2,2,0,4,248,7,2,3,3,61,'2008-05-20 07:37:15+00:00',jackrabbit-core/src/main/java/org/apache/jackrabbit/core/security/user/traversingnoderesolver.java,7539,2,2,0
43996,1,1,0,4,507,7,2,5,5,61,'2008-05-20 07:37:15+00:00',jackrabbit-core/src/main/java/org/apache/jackrabbit/core/security/user/useraccesscontrolprovider.java,7539,2,2,1
44006,1,1,0,2,155,7,2,3,3,61,'2008-05-20 07:37:15+00:00',jackrabbit-core/src/main/java/org/apache/jackrabbit/core/security/user/userimpl.java,7539,1,1,0
44014,106,0,0,107,106,7,2,0,0,0,'2008-05-20 07:37:15+00:00',jackrabbit-core/src/test/java/org/apache/jackrabbit/api/jsr283/security/abstractaccesscontroltest.java,7539,107,0,0
44019,185,0,0,186,185,7,2,0,0,0,'2008-05-20 07:37:15+00:00',jackrabbit-core/src/test/java/org/apache/jackrabbit/api/jsr283/security/accesscontroldiscoverytest.java,7539,186,0,0
44024,375,0,0,376,375,7,2,0,0,0,'2008-05-20 07:37:15+00:00',jackrabbit-core/src/test/java/org/apache/jackrabbit/api/jsr283/security/accesscontrolentrytest.java,7539,376,0,0
44030,114,0,0,115,114,7,2,0,0,0,'2008-05-20 07:37:15+00:00',jackrabbit-core/src/test/java/org/apache/jackrabbit/api/jsr283/security/accesscontrolpolicyiteratortest.java,7539,115,0,0
44036,414,0,0,415,414,7,2,0,0,0,'2008-05-20 07:37:15+00:00',jackrabbit-core/src/test/java/org/apache/jackrabbit/api/jsr283/security/accesscontrolpolicytest.java,7539,415,0,0
44042,88,0,0,89,89,7,2,0,0,0,'2008-05-20 07:37:15+00:00',jackrabbit-core/src/test/java/org/apache/jackrabbit/api/jsr283/security/rsessionaccesscontroldiscoverytest.java,7539,89,0,0
44049,87,0,0,88,88,7,2,0,0,0,'2008-05-20 07:37:15+00:00',jackrabbit-core/src/test/java/org/apache/jackrabbit/api/jsr283/security/rsessionaccesscontrolentrytest.java,7539,88,0,0
44054,128,0,0,129,129,7,2,0,0,0,'2008-05-20 07:37:15+00:00',jackrabbit-core/src/test/java/org/apache/jackrabbit/api/jsr283/security/rsessionaccesscontrolpolicytest.java,7539,129,0,0
44061,52,0,0,53,52,7,2,0,0,0,'2008-05-20 07:37:15+00:00',jackrabbit-core/src/test/java/org/apache/jackrabbit/api/jsr283/security/testall.java,7539,53,0,0
44067,5,4,2,12,145,7,2,3,2,61,'2008-05-20 07:37:15+00:00',jackrabbit-core/src/test/java/org/apache/jackrabbit/api/security/user/abstractusertest.java,7539,6,6,0
44078,1,1,0,2,309,7,2,2,2,61,'2008-05-20 07:37:15+00:00',jackrabbit-core/src/test/java/org/apache/jackrabbit/api/security/user/grouptest.java,7539,1,1,0
44089,2,2,0,6,95,7,2,3,3,61,'2008-05-20 07:37:15+00:00',jackrabbit-core/src/test/java/org/apache/jackrabbit/api/security/user/usertest.java,7539,3,3,0
44099,0,4,0,5,273,7,2,3,2,61,'2008-05-20 07:37:15+00:00',jackrabbit-core/src/test/java/org/apache/jackrabbit/core/security/accessmanagertest.java,7539,0,5,0
44109,4,4,0,12,574,7,2,3,3,32,'2008-05-20 07:37:15+00:00',jackrabbit-core/src/test/java/org/apache/jackrabbit/core/security/authorization/abstractevaluationtest.java,7539,6,6,0
44119,0,0,2,4,157,7,2,1,1,46,'2008-05-20 07:37:15+00:00',jackrabbit-core/src/test/java/org/apache/jackrabbit/core/security/authorization/abstractpolicyentrytest.java,7539,2,2,0
44127,1,1,0,4,163,7,2,2,2,46,'2008-05-20 07:37:15+00:00',jackrabbit-core/src/test/java/org/apache/jackrabbit/core/security/authorization/abstractpolicytemplatetest.java,7539,2,2,0
44137,4,4,0,10,191,7,2,1,1,61,'2008-05-20 07:37:15+00:00',jackrabbit-core/src/test/java/org/apache/jackrabbit/core/security/authorization/policytemplatetest.java,7539,5,5,0
44146,0,0,2,4,210,7,2,1,1,61,'2008-05-20 07:37:15+00:00',jackrabbit-core/src/test/java/org/apache/jackrabbit/core/security/authorization/privilegeregistrytest.java,7539,2,2,0
44155,1,1,0,2,146,7,2,1,1,61,'2008-05-20 07:37:15+00:00',jackrabbit-core/src/test/java/org/apache/jackrabbit/core/security/authorization/acl/aclimpltest.java,7539,1,1,0
44162,1,1,0,2,166,7,2,3,3,61,'2008-05-20 07:37:15+00:00',jackrabbit-core/src/test/java/org/apache/jackrabbit/core/security/authorization/acl/acltemplatetest.java,7539,1,1,1
44170,4,4,0,10,94,7,2,3,2,61,'2008-05-20 07:37:15+00:00',jackrabbit-core/src/test/java/org/apache/jackrabbit/core/security/authorization/acl/evaluationtest.java,7539,5,5,1
44178,1,1,0,4,94,7,2,1,1,32,'2008-05-20 07:37:15+00:00',jackrabbit-core/src/test/java/org/apache/jackrabbit/core/security/authorization/combined/evaluationtest.java,7539,2,2,1
44184,1,1,0,2,111,7,2,1,1,46,'2008-05-20 07:37:15+00:00',jackrabbit-core/src/test/java/org/apache/jackrabbit/core/security/authorization/combined/policyentryimpltest.java,7539,1,1,0
44193,0,106,0,107,106,7,2,3,2,61,'2008-05-20 07:37:15+00:00',jackrabbit-core/src/test/java/org/apache/jackrabbit/core/security/jsr283/security/abstractaccesscontroltest.java,7539,0,107,0
44196,0,185,0,186,185,7,2,2,1,61,'2008-05-20 07:37:15+00:00',jackrabbit-core/src/test/java/org/apache/jackrabbit/core/security/jsr283/security/accesscontroldiscoverytest.java,7539,0,186,0
44201,0,375,0,376,375,7,2,1,0,61,'2008-05-20 07:37:15+00:00',jackrabbit-core/src/test/java/org/apache/jackrabbit/core/security/jsr283/security/accesscontrolentrytest.java,7539,0,376,0
44205,0,114,0,115,114,7,2,2,2,61,'2008-05-20 07:37:15+00:00',jackrabbit-core/src/test/java/org/apache/jackrabbit/core/security/jsr283/security/accesscontrolpolicyiteratortest.java,7539,0,115,0
44210,0,414,0,415,414,7,2,1,1,61,'2008-05-20 07:37:15+00:00',jackrabbit-core/src/test/java/org/apache/jackrabbit/core/security/jsr283/security/accesscontrolpolicytest.java,7539,0,415,0
44214,0,88,0,89,89,7,2,1,1,61,'2008-05-20 07:37:15+00:00',jackrabbit-core/src/test/java/org/apache/jackrabbit/core/security/jsr283/security/rsessionaccesscontroldiscoverytest.java,7539,0,89,0
44219,0,87,0,88,88,7,2,1,0,61,'2008-05-20 07:37:15+00:00',jackrabbit-core/src/test/java/org/apache/jackrabbit/core/security/jsr283/security/rsessionaccesscontrolentrytest.java,7539,0,88,0
44224,0,128,0,129,129,7,2,1,1,61,'2008-05-20 07:37:15+00:00',jackrabbit-core/src/test/java/org/apache/jackrabbit/core/security/jsr283/security/rsessionaccesscontrolpolicytest.java,7539,0,129,0
44227,0,52,0,53,52,7,2,1,1,61,'2008-05-20 07:37:15+00:00',jackrabbit-core/src/test/java/org/apache/jackrabbit/core/security/jsr283/security/testall.java,7539,0,53,0
44232,1,1,0,2,104,7,2,2,1,61,'2008-05-20 07:37:15+00:00',jackrabbit-core/src/test/java/org/apache/jackrabbit/core/security/principal/defaultprincipalprovidertest.java,7539,1,1,0
44239,3,3,0,6,200,7,2,5,3,61,'2008-05-20 07:37:15+00:00',jackrabbit-core/src/test/java/org/apache/jackrabbit/core/security/user/authorizableimpltest.java,7539,3,3,0
44247,1,1,0,2,103,7,2,2,2,61,'2008-05-20 07:37:15+00:00',jackrabbit-core/src/test/java/org/apache/jackrabbit/core/security/user/impersonationimpltest.java,7539,1,1,0
44254,1,1,0,4,37,7,2,1,1,4,'2008-05-20 07:37:15+00:00',jackrabbit-core/src/test/java/org/apache/jackrabbit/core/security/user/indexnoderesolvertest.java,7539,2,2,0
44260,1,1,10,18,238,7,2,1,1,4,'2008-05-20 07:37:15+00:00',jackrabbit-core/src/test/java/org/apache/jackrabbit/core/security/user/noderesolvertest.java,7539,9,9,1
44267,2,2,0,6,114,7,2,4,3,61,'2008-05-20 07:37:15+00:00',jackrabbit-core/src/test/java/org/apache/jackrabbit/core/security/user/userimpltest.java,7539,3,3,0
44272,2,2,2,8,356,7,2,2,2,61,'2008-05-20 07:37:15+00:00',jackrabbit-core/src/test/java/org/apache/jackrabbit/core/security/user/usermanagerimpltest.java,0,4,4,0
43432,0,35,4,40,1079,17,1,6,3,203,'2008-05-12 17:39:24+00:00',jackrabbit-jcr2spi/src/main/java/org/apache/jackrabbit/jcr2spi/workspacemanager.java,259,2,38,1
43440,2,5,38,61,108,17,1,5,4,203,'2008-05-12 17:39:24+00:00',jackrabbit-jcr2spi/src/main/java/org/apache/jackrabbit/jcr2spi/name/namespaceregistryimpl.java,259,27,34,1
43447,0,40,0,41,41,17,1,1,0,203,'2008-05-12 17:39:24+00:00',jackrabbit-jcr2spi/src/main/java/org/apache/jackrabbit/jcr2spi/name/namespacestorage.java,0,0,41,0
43439,1,18,4,27,573,17,1,9,8,526,'2008-05-12 17:58:14+00:00',jackrabbit-core/src/main/java/org/apache/jackrabbit/core/namespaceregistryimpl.java,0,4,23,1
43452,1,2,2,5,854,15,2,17,8,248,'2008-05-13 15:32:33+00:00',jackrabbit-core/src/main/java/org/apache/jackrabbit/core/query/lucene/jqom2lucenequerybuilder.java,60,2,3,1
43460,1,2,2,5,1098,15,2,25,18,527,'2008-05-13 15:32:33+00:00',jackrabbit-core/src/main/java/org/apache/jackrabbit/core/query/lucene/lucenequerybuilder.java,0,2,3,1
43455,1,0,2,3,694,8,3,4,4,55,'2008-05-14 08:22:40+00:00',jackrabbit-core/src/main/java/org/apache/jackrabbit/core/security/authorization/acl/aclprovider.java,90,2,1,0
43462,1,0,4,5,450,8,3,4,4,55,'2008-05-14 08:22:40+00:00',jackrabbit-core/src/main/java/org/apache/jackrabbit/core/security/authorization/combined/combinedprovider.java,90,3,2,1
43467,1,1,2,4,507,8,3,4,4,55,'2008-05-14 08:22:40+00:00',jackrabbit-core/src/main/java/org/apache/jackrabbit/core/security/user/useraccesscontrolprovider.java,0,2,2,0
43469,0,38,0,39,1672,9,3,31,25,527,'2008-05-14 09:47:33+00:00',jackrabbit-core/src/main/java/org/apache/jackrabbit/core/sessionimpl.java,1415,0,39,0
43477,0,518,0,519,519,9,3,5,3,527,'2008-05-14 09:47:33+00:00',jackrabbit-core/src/main/java/org/apache/jackrabbit/core/xml/abstractsaxeventgenerator.java,1415,0,519,0
43483,0,221,0,222,222,9,3,3,1,527,'2008-05-14 09:47:33+00:00',jackrabbit-core/src/main/java/org/apache/jackrabbit/core/xml/docviewsaxeventgenerator.java,1415,0,222,0
43487,0,270,0,271,271,9,3,1,0,40,'2008-05-14 09:47:33+00:00',jackrabbit-core/src/main/java/org/apache/jackrabbit/core/xml/propertywrapper.java,1415,0,271,0
43491,0,303,0,304,304,9,3,7,3,527,'2008-05-14 09:47:33+00:00',jackrabbit-core/src/main/java/org/apache/jackrabbit/core/xml/sysviewsaxeventgenerator.java,0,0,304,0
43478,9,0,0,10,526,11,3,7,3,527,'2008-05-14 11:39:34+00:00',jackrabbit-core/src/main/java/org/apache/jackrabbit/core/state/localitemstatemanager.java,166,10,0,0
43488,8,0,27,39,516,11,3,5,1,527,'2008-05-14 11:39:34+00:00',jackrabbit-core/src/main/java/org/apache/jackrabbit/core/state/xaitemstatemanager.java,166,35,4,0
43493,51,0,0,52,52,11,3,0,0,0,'2008-05-14 11:39:34+00:00',jackrabbit-core/src/test/java/org/apache/jackrabbit/core/version/removeandaddversionlabelxatest.java,0,52,0,0
43497,6,0,2,11,0,13,4,5,1,155,'2008-05-15 13:32:57+00:00',jackrabbit-core/src/main/java/org/apache/jackrabbit/core/data/db/tempfileinputstream.java,0,10,1,0
43501,41,0,0,42,0,13,4,0,0,0,'2008-05-15 13:44:58+00:00',jackrabbit-core/src/test/java/org/apache/jackrabbit/core/data/tempfileinputstreamtest.java,68,42,0,0
43506,1,0,0,1,0,13,4,7,7,247,'2008-05-15 13:44:58+00:00',jackrabbit-core/src/test/java/org/apache/jackrabbit/core/data/testall.java,0,1,0,0
43518,3,3,22,38,279,14,4,2,0,529,'2008-05-15 14:44:27+00:00',jackrabbit-webdav/src/main/java/org/apache/jackrabbit/webdav/client/methods/davmethodbase.java,252,23,15,0
43528,77,0,0,78,89,14,4,0,0,0,'2008-05-15 14:44:27+00:00',jackrabbit-webdav/src/test/java/org/apache/jackrabbit/webdav/client/methods/davmethodtest.java,252,78,0,0
43519,242,0,0,243,240,12,5,0,0,0,'2008-05-16 12:20:54+00:00',jackrabbit-jcr-commons/src/main/java/org/apache/jackrabbit/commons/namespacehelper.java,0,243,0,0
43526,0,9,17,31,780,12,5,2,2,443,'2008-05-16 12:23:32+00:00',jackrabbit-jcr-commons/src/main/java/org/apache/jackrabbit/commons/abstractnode.java,303,8,23,0
43536,1,0,4,5,105,12,5,1,1,2,'2008-05-16 12:23:32+00:00',jackrabbit-jcr-commons/src/main/java/org/apache/jackrabbit/commons/xml/documentviewexporter.java,303,3,2,0
43544,13,28,35,87,581,12,5,1,1,2,'2008-05-16 12:23:32+00:00',jackrabbit-jcr-commons/src/main/java/org/apache/jackrabbit/commons/xml/exporter.java,303,34,53,1
43553,1,0,0,1,171,12,5,1,1,2,'2008-05-16 12:23:32+00:00',jackrabbit-jcr-commons/src/main/java/org/apache/jackrabbit/commons/xml/systemviewexporter.java,0,1,0,0
43542,190,0,0,191,189,12,5,0,0,0,'2008-05-16 12:30:07+00:00',jackrabbit-core/src/test/java/org/apache/jackrabbit/core/integration/axisquerytest.java,936,191,0,0
43545,254,0,0,255,255,12,5,0,0,0,'2008-05-16 12:30:07+00:00',jackrabbit-core/src/test/java/org/apache/jackrabbit/core/integration/concurrentquerytest.java,936,255,0,0
43551,0,188,0,189,189,12,5,3,1,93,'2008-05-16 12:30:07+00:00',jackrabbit-core/src/test/java/org/apache/jackrabbit/core/query/axisquerytest.java,936,0,189,0
43554,0,254,0,255,255,12,5,4,1,530,'2008-05-16 12:30:07+00:00',jackrabbit-core/src/test/java/org/apache/jackrabbit/core/query/concurrentquerytest.java,936,0,255,0
43560,0,1,0,2,65,12,5,10,8,530,'2008-05-16 12:30:07+00:00',jackrabbit-core/src/test/java/org/apache/jackrabbit/core/query/testall.java,0,0,2,0
43562,9,0,0,10,485,14,5,9,5,444,'2008-05-16 14:08:27+00:00',jackrabbit-jcr-commons/src/main/java/org/apache/jackrabbit/commons/abstractsession.java,0,10,0,1
43568,2,0,0,4,0,13,1,15,10,533,'2008-05-19 13:25:45+00:00',jackrabbit-core/src/main/java/org/apache/jackrabbit/core/nodetype/nodetypemanagerimpl.java,0,4,0,0
43573,4,8,0,14,996,6,2,13,7,533,'2008-05-20 06:53:17+00:00',jackrabbit-core/src/main/java/org/apache/jackrabbit/core/state/sessionitemstatemanager.java,0,5,9,0
43588,1,1,2,4,189,8,2,1,0,533,'2008-05-20 08:45:55+00:00',jackrabbit-webdav/src/main/java/org/apache/jackrabbit/webdav/multistatus.java,0,2,2,0
43586,0,0,10,11,0,8,3,1,0,534,'2008-05-21 08:06:52+00:00',jackrabbit-core/src/main/java/org/apache/jackrabbit/core/fs/db/derbyfilesystem.java,52,10,1,0
43592,0,0,10,11,0,8,3,1,0,534,'2008-05-21 08:06:52+00:00',jackrabbit-core/src/main/java/org/apache/jackrabbit/core/persistence/db/derbypersistencemanager.java,0,10,1,0
43600,0,0,4,4,703,12,3,2,2,62,'2008-05-21 12:54:06+00:00',jackrabbit-core/src/main/java/org/apache/jackrabbit/core/security/authentication/abstractloginmodule.java,0,2,2,0
43604,2,0,46,50,300,20,3,2,1,142,'2008-05-21 20:42:52+00:00',jackrabbit-ocm/src/main/java/org/apache/jackrabbit/ocm/query/impl/filterimpl.java,708,36,14,0
43611,4,0,4,10,129,20,3,3,1,142,'2008-05-21 20:42:52+00:00',jackrabbit-ocm/src/main/java/org/apache/jackrabbit/ocm/query/impl/querymanagerimpl.java,708,8,2,0
43620,17,0,72,125,233,20,3,3,1,142,'2008-05-21 20:42:52+00:00',jackrabbit-ocm/src/test/java/org/apache/jackrabbit/ocm/manager/query/annotationatomicquerytest.java,708,75,50,1
43629,18,0,71,122,233,20,3,3,1,142,'2008-05-21 20:42:52+00:00',jackrabbit-ocm/src/test/java/org/apache/jackrabbit/ocm/manager/query/digesteratomicquerytest.java,0,73,49,1
43607,10,0,16,29,346,8,4,2,0,535,'2008-05-22 08:18:48+00:00',jackrabbit-webdav/src/main/java/org/apache/jackrabbit/webdav/version/deltavconstants.java,0,28,1,0
43618,0,308,20,334,431,11,4,3,0,212,'2008-05-22 11:54:49+00:00',jackrabbit-jcr2spi/src/main/java/org/apache/jackrabbit/jcr2spi/xml/workspacecontenthandler.java,0,12,322,0
43630,16,0,0,18,314,12,4,2,1,114,'2008-05-22 12:53:23+00:00',jackrabbit-jcr-commons/src/main/java/org/apache/jackrabbit/commons/xml/serializingcontenthandler.java,84,18,0,0
43638,0,0,3,5,333,12,4,4,1,536,'2008-05-22 12:53:23+00:00',jackrabbit-webdav/src/main/java/org/apache/jackrabbit/webdav/webdavresponseimpl.java,84,3,2,0
43647,0,0,2,3,78,12,4,2,1,536,'2008-05-22 12:53:23+00:00',jackrabbit-webdav/src/main/java/org/apache/jackrabbit/webdav/client/methods/xmlrequestentity.java,0,2,1,0
43639,4,0,0,5,352,13,4,4,4,63,'2008-05-22 13:38:15+00:00',jackrabbit-core/src/main/java/org/apache/jackrabbit/core/security/authorization/acl/acltemplate.java,361,5,0,1
43648,23,0,16,44,139,13,4,4,2,63,'2008-05-22 13:38:15+00:00',jackrabbit-core/src/main/java/org/apache/jackrabbit/core/security/authorization/combined/policytemplateimpl.java,361,28,16,0
43654,33,0,49,94,574,13,4,4,4,34,'2008-05-22 13:38:15+00:00',jackrabbit-core/src/test/java/org/apache/jackrabbit/core/security/authorization/abstractevaluationtest.java,361,55,39,1
43660,18,0,2,22,163,13,4,3,2,49,'2008-05-22 13:38:15+00:00',jackrabbit-core/src/test/java/org/apache/jackrabbit/core/security/authorization/abstractpolicytemplatetest.java,361,21,1,0
43668,17,1,0,19,166,13,4,4,4,63,'2008-05-22 13:38:15+00:00',jackrabbit-core/src/test/java/org/apache/jackrabbit/core/security/authorization/acl/acltemplatetest.java,0,18,1,1
43659,2,0,6,13,34,19,3,2,1,149,'2008-05-28 19:01:53+00:00',jackrabbit-ocm/src/main/java/org/apache/jackrabbit/ocm/manager/objectconverter/proxymanager.java,538,7,6,0
43667,103,0,0,104,121,19,3,0,0,0,'2008-05-28 19:01:53+00:00',jackrabbit-ocm/src/main/java/org/apache/jackrabbit/ocm/manager/objectconverter/impl/abstractlazyloader.java,538,104,0,1
43672,1,0,60,68,51,19,3,2,1,149,'2008-05-28 19:01:53+00:00',jackrabbit-ocm/src/main/java/org/apache/jackrabbit/ocm/manager/objectconverter/impl/beanlazyloader.java,538,42,26,1
43679,0,3,23,32,56,19,3,4,3,149,'2008-05-28 19:01:53+00:00',jackrabbit-ocm/src/main/java/org/apache/jackrabbit/ocm/manager/objectconverter/impl/collectionlazyloader.java,538,19,13,1
43687,2,2,18,24,890,19,3,6,4,149,'2008-05-28 19:01:53+00:00',jackrabbit-ocm/src/main/java/org/apache/jackrabbit/ocm/manager/objectconverter/impl/objectconverterimpl.java,538,20,4,0
43696,22,0,0,23,39,19,3,0,0,0,'2008-05-28 19:01:53+00:00',jackrabbit-ocm/src/main/java/org/apache/jackrabbit/ocm/manager/objectconverter/impl/ocmproxy.java,538,23,0,0
43699,52,0,0,53,69,19,3,0,0,0,'2008-05-28 19:01:53+00:00',jackrabbit-ocm/src/main/java/org/apache/jackrabbit/ocm/manager/objectconverter/impl/ocmproxyutils.java,538,53,0,0
43705,3,9,40,69,79,19,3,4,3,149,'2008-05-28 19:01:53+00:00',jackrabbit-ocm/src/main/java/org/apache/jackrabbit/ocm/manager/objectconverter/impl/proxymanagerimpl.java,0,38,31,0
43853,2,0,0,3,0,13,1,40,28,561,'2008-06-16 13:04:31+00:00',jackrabbit-core/src/main/java/org/apache/jackrabbit/core/nodeimpl.java,0,3,0,0
43864,0,0,2,2,181,22,2,1,0,562,'2008-06-17 22:16:35+00:00',jackrabbit-jcr-commons/src/main/java/org/apache/jackrabbit/value/doublevalue.java,79,1,1,0
43873,0,0,2,2,181,22,2,1,0,562,'2008-06-17 22:16:35+00:00',jackrabbit-jcr-commons/src/main/java/org/apache/jackrabbit/value/longvalue.java,79,1,1,0
43883,0,0,2,2,215,22,2,3,2,562,'2008-06-17 22:16:35+00:00',jackrabbit-jcr-commons/src/main/java/org/apache/jackrabbit/value/namevalue.java,79,1,1,0
43893,0,0,2,2,169,22,2,1,0,562,'2008-06-17 22:16:35+00:00',jackrabbit-jcr-commons/src/main/java/org/apache/jackrabbit/value/pathvalue.java,79,1,1,0
43902,0,0,4,4,187,22,2,1,0,562,'2008-06-17 22:16:35+00:00',jackrabbit-jcr-commons/src/main/java/org/apache/jackrabbit/value/referencevalue.java,0,2,2,0
43912,0,0,5,6,72,11,3,4,3,553,'2008-06-25 11:41:14+00:00',jackrabbit-text-extractors/src/main/java/org/apache/jackrabbit/extractor/msexceltextextractor.java,44,5,1,0
43921,0,0,5,7,76,11,3,3,2,553,'2008-06-25 11:41:14+00:00',jackrabbit-text-extractors/src/main/java/org/apache/jackrabbit/extractor/mspowerpointtextextractor.java,0,5,2,0
43930,0,0,3,5,529,13,1,9,6,259,'2008-07-07 13:56:35+00:00',jackrabbit-jcr2spi/src/main/java/org/apache/jackrabbit/jcr2spi/workspaceimpl.java,339,2,3,0
43938,2,8,23,39,235,13,1,6,4,259,'2008-07-07 13:56:35+00:00',jackrabbit-jcr2spi/src/main/java/org/apache/jackrabbit/jcr2spi/query/queryimpl.java,339,15,24,0
43948,0,6,20,32,122,13,1,5,4,259,'2008-07-07 13:56:35+00:00',jackrabbit-jcr2spi/src/main/java/org/apache/jackrabbit/jcr2spi/query/querymanagerimpl.java,339,11,21,0
43958,1,16,27,50,121,13,1,2,1,259,'2008-07-07 13:56:35+00:00',jackrabbit-jcr2spi/src/main/java/org/apache/jackrabbit/jcr2spi/query/queryresultimpl.java,0,15,35,0
43972,29,0,0,30,30,12,3,0,0,0,'2008-07-16 12:02:08+00:00',jackrabbit-spi-commons/src/main/java/org/apache/jackrabbit/spi/commons/query/constantnameprovider.java,0,30,0,0
43975,47,0,0,48,0,12,3,0,0,0,'2008-07-16 12:38:30+00:00',jackrabbit-api/src/main/java/org/apache/jackrabbit/api/observation/localeventlistener.java,144,48,0,0
43980,1,0,2,3,298,12,3,3,1,591,'2008-07-16 12:38:30+00:00',jackrabbit-core/src/main/java/org/apache/jackrabbit/core/observation/eventconsumer.java,144,2,1,1
43988,4,0,14,22,168,12,3,1,0,591,'2008-07-16 12:38:30+00:00',jackrabbit-core/src/main/java/org/apache/jackrabbit/core/observation/filteredeventiterator.java,144,15,7,1
43979,0,0,2,3,0,15,3,15,10,238,'2008-07-16 15:38:02+00:00',jackrabbit-core/src/main/java/org/apache/jackrabbit/core/data/db/dbdatastore.java,0,2,1,0
43993,0,0,4,6,738,13,5,2,0,592,'2008-07-18 13:40:57+00:00',jackrabbit-jcr-commons/src/main/java/org/apache/jackrabbit/util/text.java,82,3,3,0
44001,39,0,0,41,65,13,5,3,0,592,'2008-07-18 13:40:57+00:00',jackrabbit-jcr-commons/src/test/java/org/apache/jackrabbit/util/texttest.java,0,41,0,1
44018,0,126,0,127,127,13,5,1,0,269,'2008-07-18 13:49:56+00:00',jackrabbit-jcr2spi/src/test/java/org/apache/jackrabbit/jcr2spi/defaultrepositorystub.java,1767,0,127,0
44023,0,87,0,88,88,13,5,2,1,269,'2008-07-18 13:49:56+00:00',jackrabbit-jcr2spi/src/test/java/org/apache/jackrabbit/jcr2spi/jcr2spi2jcrrepositorystub.java,1767,0,88,0
44029,0,117,0,118,118,13,5,1,0,269,'2008-07-18 13:49:56+00:00',jackrabbit-jcr2spi/src/test/java/org/apache/jackrabbit/jcr2spi/rmirepositorystub.java,1767,0,118,0
44035,0,266,0,267,267,13,5,2,1,269,'2008-07-18 13:49:56+00:00',jackrabbit-jcr2spi/src/test/java/org/apache/jackrabbit/jcr2spi/repositorysetup.java,1767,0,267,0
44041,0,31,0,32,32,13,5,1,0,129,'2008-07-18 13:49:56+00:00',jackrabbit-jcr2spi/src/test/java/org/apache/jackrabbit/test/jcrbenchmark.java,1767,0,32,0
44048,0,44,0,45,45,13,5,1,0,269,'2008-07-18 13:49:56+00:00',jackrabbit-jcr2spi/src/test/java/org/apache/jackrabbit/test/testall.java,1767,0,45,0
44013,1,0,18,24,215,15,5,2,1,593,'2008-07-18 15:24:37+00:00',jackrabbit-jcr-server/src/main/java/org/apache/jackrabbit/webdav/simple/resourcefactoryimpl.java,0,14,10,0
44031,2,0,19,27,56,16,5,1,1,455,'2008-07-18 16:01:59+00:00',jackrabbit-core/src/main/java/org/apache/jackrabbit/core/query/lucene/indexingconfigurationentityresolver.java,650,18,9,0
44043,88,3,43,142,806,16,5,9,6,455,'2008-07-18 16:01:59+00:00',jackrabbit-core/src/main/java/org/apache/jackrabbit/core/query/lucene/indexingconfigurationimpl.java,650,127,15,1
44062,45,0,0,46,51,16,5,0,0,0,'2008-07-18 16:01:59+00:00',jackrabbit-core/src/test/java/org/apache/jackrabbit/core/query/abstractindexingtest.java,650,46,0,1
44068,0,1,20,22,112,16,5,1,1,179,'2008-07-18 16:01:59+00:00',jackrabbit-core/src/test/java/org/apache/jackrabbit/core/query/indexingaggregatetest.java,650,1,21,0
44080,84,0,0,85,0,16,5,0,0,0,'2008-07-18 16:01:59+00:00',jackrabbit-core/src/test/java/org/apache/jackrabbit/core/query/indexingruletest.java,650,85,0,1
44085,1,0,0,1,63,16,5,11,8,593,'2008-07-18 16:01:59+00:00',jackrabbit-core/src/test/java/org/apache/jackrabbit/core/query/testall.java,650,1,0,0
43701,0,0,2,2,145,13,2,4,0,538,'2008-06-10 13:24:50+00:00',jackrabbit-text-extractors/src/main/java/org/apache/jackrabbit/extractor/openofficetextextractor.java,0,1,1,0
43964,150,0,40,216,161,10,3,1,1,148,'2008-07-16 10:21:57+00:00',jackrabbit-spi-commons/src/main/java/org/apache/jackrabbit/spi/commons/query/queryconstants.java,443,208,8,0
43973,2,0,53,56,342,10,3,2,1,148,'2008-07-16 10:21:57+00:00',jackrabbit-spi-commons/src/main/java/org/apache/jackrabbit/spi/commons/query/querytreedump.java,0,9,47,0
43984,0,0,2,2,75,13,5,2,1,593,'2008-07-18 13:00:10+00:00',jackrabbit-jcr-server/src/main/java/org/apache/jackrabbit/webdav/simple/locatorfactoryimplex.java,80,1,1,0
43992,51,0,0,52,53,13,5,0,0,0,'2008-07-18 13:00:10+00:00',jackrabbit-jcr-server/src/test/java/org/apache/jackrabbit/webdav/simple/locatorfactoryimplextest.java,0,52,0,0
44011,102,0,0,103,104,13,5,0,0,0,'2008-07-18 13:43:23+00:00',jackrabbit-spi/src/test/java/org/apache/jackrabbit/spi/abstractspitest.java,616,103,0,1
44016,113,0,0,114,115,13,5,0,0,0,'2008-07-18 13:43:23+00:00',jackrabbit-spi/src/test/java/org/apache/jackrabbit/spi/helper.java,616,114,0,1
44021,150,0,0,151,150,13,5,0,0,0,'2008-07-18 13:43:23+00:00',jackrabbit-spi/src/test/java/org/apache/jackrabbit/spi/repositoryservicestub.java,616,151,0,0
44026,64,0,0,65,75,13,5,0,0,0,'2008-07-18 13:43:23+00:00',jackrabbit-spi/src/test/java/org/apache/jackrabbit/spi/repositoryservicetest.java,616,65,0,1
44033,48,0,0,49,52,13,5,0,0,0,'2008-07-18 13:43:23+00:00',jackrabbit-spi/src/test/java/org/apache/jackrabbit/spi/sessioninfotest.java,616,49,0,1
44038,34,0,0,35,36,13,5,0,0,0,'2008-07-18 13:43:23+00:00',jackrabbit-spi/src/test/java/org/apache/jackrabbit/spi/testall.java,0,35,0,0
44046,0,0,4,5,822,13,1,22,19,596,'2008-07-21 13:56:18+00:00',jackrabbit-core/src/main/java/org/apache/jackrabbit/core/query/lucene/nodeindexer.java,0,2,3,0
